Mean,Median,Mode,Max,Min,Standard Deviation,Variance,Correlation with Year
8.574,8.91,3.23,14.67,2.39,3.8257526976666565,14.6363837037037,-0.0013565939492749474
